id,target,prediction
1c86,4.699999809265137,6.860345840454102
2wq5,3.740000009536743,5.858468055725098
4ivc,10.0,7.429925918579102
4d7b,7.679999828338623,6.322153091430664
5l2s,7.079999923706055,7.017476558685303
5evb,5.0,5.6107025146484375
3fv1,9.300000190734863,6.777181625366211
2f7i,7.099999904632568,6.60146951675415
1hmr,6.550000190734863,7.06864595413208
3iw6,5.480000019073486,7.101938247680664
4deu,5.639999866485596,6.499720096588135
1g7g,6.599999904632568,6.714235305786133
1xhy,6.179999828338623,6.732040882110596
3npc,8.34000015258789,7.8884711265563965
5chk,5.389999866485596,6.397548198699951
5os2,2.740000009536743,4.678422451019287
5fhn,5.900000095367432,6.944958686828613
4zt8,4.389999866485596,4.3099565505981445
3pd8,6.460000038146973,6.130840301513672
1q7a,7.190000057220459,6.167178153991699
4k6i,6.199999809265137,7.397053241729736
5wcm,4.0,6.566072463989258
1c84,5.0,6.531217575073242
6gnm,4.260000228881836,5.20095682144165
5cbs,5.409999847412109,6.629983901977539
5d48,7.519999980926514,7.041173458099365
3vvy,4.840000152587891,6.641698360443115
4qem,7.800000190734863,5.905649185180664
3l59,3.700000047683716,5.569447994232178
4c2v,9.0,7.254895210266113
2a8g,3.690000057220459,6.21177339553833
5l4j,4.28000020980835,5.583488941192627
4ayu,4.730000019073486,3.5591652393341064
5tbe,8.970000267028809,7.8124799728393555
3huc,5.989999771118164,7.781495571136475
3rsx,4.409999847412109,6.685449600219727
1wvj,6.730000019073486,6.489927291870117
5mgk,4.0,4.969084739685059
3nes,5.619999885559082,6.580165386199951
4o3c,2.5899999141693115,5.068271160125732
3bft,6.489999771118164,6.726107597351074
2zn7,7.889999866485596,7.420984268188477
5t19,4.489999771118164,6.657952785491943
3qqs,5.820000171661377,6.391992568969727
1nwl,2.390000104904175,6.415260314941406
1nvr,8.109999656677246,7.561399459838867
3roc,8.1899995803833,7.811368942260742
5cc2,4.099999904632568,5.650409698486328
1syh,6.409999847412109,6.565243244171143
4igt,7.889999866485596,5.864187240600586
4bkt,3.619999885559082,6.433315753936768
3d7z,7.920000076293945,7.78392219543457
3i25,8.510000228881836,8.104670524597168
5cso,6.03000020980835,6.155181884765625
6gvz,6.400000095367432,6.588005065917969
4qf7,8.600000381469727,5.490296363830566
4f9w,6.940000057220459,7.453691482543945
2qbp,8.399999618530273,7.160122394561768
3ocp,7.570000171661377,6.072389602661133
1hn4,3.819999933242798,7.0302252769470215
3e5a,8.229999542236328,6.895691871643066
3rt8,6.349999904632568,6.557544708251953
3qlm,6.369999885559082,6.280515670776367
4djx,7.230000019073486,6.657228469848633
5htz,8.619999885559082,6.142801284790039
5e74,4.409999847412109,6.912846088409424
4djy,8.270000457763672,7.210066318511963
5ha1,7.190000057220459,6.2187089920043945
3pwk,3.3499999046325684,5.003157138824463
4ha5,7.239999771118164,5.869845867156982
3eax,4.920000076293945,6.3023762702941895
2hb1,3.799999952316284,6.382474422454834
5vl2,8.420000076293945,7.0482354164123535
5jq5,5.630000114440918,7.357572555541992
4nra,4.190000057220459,5.427858352661133
1nvs,7.820000171661377,6.9491801261901855
3pcj,7.21999979019165,5.592697620391846
3u92,7.480000019073486,6.292402267456055
4det,5.679999828338623,5.41611909866333
3iph,7.599999904632568,7.292177200317383
1p1n,6.800000190734863,6.115952968597412
2ewa,7.940000057220459,7.042618274688721
4h81,5.119999885559082,7.102404594421387
1yqj,8.140000343322754,7.363890171051025
1my4,6.980000019073486,6.525839805603027
2a5c,4.619999885559082,6.3664069175720215
4ymb,6.210000038146973,5.793765068054199
3fas,6.769999980926514,6.414429664611816
4bj8,8.289999961853027,7.011675834655762
3hl7,7.639999866485596,6.952024459838867
4m0r,5.210000038146973,6.621685981750488
2vk2,6.889999866485596,6.737925052642822
5lli,7.050000190734863,6.587855815887451
4djv,6.71999979019165,7.654109954833984
5dqc,7.340000152587891,7.65214204788208
2qbr,6.329999923706055,6.798547267913818
1e4h,8.40999984741211,5.401510238647461
4dzy,5.619999885559082,7.360836505889893
5ulp,4.610000133514404,6.424684524536133
3r88,4.820000171661377,5.687310218811035
1nt1,8.890000343322754,6.848471164703369
4g8n,7.199999809265137,5.780745029449463
5y12,6.230000019073486,5.274417400360107
4owv,4.349999904632568,5.764623641967773
4y59,5.239999771118164,6.518424034118652
4m8h,7.599999904632568,6.512511253356934
5u49,6.139999866485596,5.0994768142700195
5n0f,6.050000190734863,5.922964572906494
3wvm,5.710000038146973,6.529664039611816
1vyf,8.050000190734863,6.975769996643066
4e4l,8.770000457763672,6.995321273803711
5k9w,4.590000152587891,6.080453872680664
5d47,7.0,7.875957489013672
2bal,6.309999942779541,7.389556884765625
4eor,6.300000190734863,6.5893707275390625
4r3w,3.0,5.327548027038574
3rwp,9.220000267028809,7.996493339538574
4gkm,5.170000076293945,6.283583641052246
6fgg,4.769999980926514,5.4032135009765625
3lpi,8.520000457763672,8.469403266906738
3hk1,6.170000076293945,6.9141716957092285
2wky,8.59000015258789,6.71201229095459
4i3z,4.289999961853027,5.699737548828125
2e9u,8.100000381469727,7.170675277709961
4pp3,7.820000171661377,6.9440016746521
1c83,4.849999904632568,6.5177083015441895
1l8g,6.21999979019165,6.333233833312988
5nvv,6.699999809265137,6.655745983123779
4k4j,6.119999885559082,7.3405656814575195
3o8p,6.460000038146973,7.3248372077941895
4k77,6.630000114440918,6.459901809692383
1nl9,5.960000038146973,6.743147850036621
2yix,8.479999542236328,7.457098007202148
3neo,5.920000076293945,6.968052387237549
2fvd,8.520000457763672,6.992423057556152
3qxt,5.21999979019165,6.65214729309082
4e4n,9.050000190734863,7.66850471496582
2xxt,8.050000190734863,6.687958717346191
4hwp,7.760000228881836,7.008393287658691
2qdt,5.190000057220459,6.2429118156433105
4bks,3.819999933242798,7.1583709716796875
1pxo,8.699999809265137,6.45755672454834
5hz8,6.400000095367432,5.92758846282959
2xmy,9.960000038146973,7.376339912414551
3lpk,9.100000381469727,8.64488697052002
2izl,6.0,7.247098922729492
1e1v,4.920000076293945,6.570540428161621
1ta6,9.130000114440918,7.073064804077148
5u0z,6.190000057220459,4.8628764152526855
5o4f,6.679999828338623,5.0990447998046875
3udh,2.8499999046325684,5.667974472045898
6gfz,5.510000228881836,7.057192325592041
2h4k,5.489999771118164,6.531613826751709
3pcf,6.050000190734863,6.092853546142578
4ufi,6.199999809265137,5.427999973297119
5aut,5.170000076293945,8.045625686645508
1g74,6.519999980926514,6.9820146560668945
4rd0,6.619999885559082,5.838569164276123
4n8q,3.4200000762939453,5.060057163238525
1nz7,7.119999885559082,6.227424144744873
1no6,4.409999847412109,6.0262603759765625
6gon,5.670000076293945,7.427874565124512
5i3y,9.399999618530273,6.397550582885742
2o0u,5.489999771118164,7.66287088394165
4fm8,5.96999979019165,6.97186803817749
4h3f,9.0,6.956585884094238
4poj,8.100000381469727,6.22859001159668
4ij1,5.400000095367432,5.660149574279785
5dpx,4.460000038146973,6.194723606109619
3pcn,3.6600000858306885,6.026737689971924
3t0x,8.0,6.724970817565918
5l4i,6.590000152587891,5.32496452331543
2dri,6.889999866485596,6.042309761047363
2zmm,7.599999904632568,7.351896286010742
3ru1,4.849999904632568,6.5784912109375
5ka9,4.409999847412109,6.014640808105469
4ivd,9.520000457763672,6.836572647094727
4qgd,7.429999828338623,6.069940090179443
6guh,7.590000152587891,7.115806579589844
5mgf,4.269999980926514,5.07967472076416
5fe6,2.1600000858306885,5.575568199157715
3tza,5.5,6.274778842926025
4tkj,6.039999961853027,6.167745113372803
5i3v,7.800000190734863,6.6771559715271
3gcu,6.78000020980835,7.863071441650391
5edc,7.659999847412109,5.811356067657471
3buh,3.6600000858306885,5.561627388000488
3p3t,7.239999771118164,6.649930477142334
2f35,5.400000095367432,5.897523403167725
1qxk,5.050000190734863,6.662418365478516
1onz,5.099999904632568,6.474910736083984
5dnu,4.110000133514404,6.543586254119873
2a5b,3.930000066757202,6.564355850219727
4w9j,6.230000019073486,7.600728511810303
5os5,3.390000104904175,5.209029674530029
4b9k,6.170000076293945,7.705996513366699
3bra,2.700000047683716,4.578240871429443
2fu8,4.699999809265137,6.459951400756836
5fho,6.670000076293945,6.871981143951416
3ppr,2.819999933242798,5.819003105163574
1zgi,5.340000152587891,7.558197975158691
2buv,4.0,5.513348579406738
1nm6,10.050000190734863,7.14768648147583
5ose,3.1700000762939453,5.0757036209106445
1nny,7.659999847412109,6.973999500274658
1td7,4.369999885559082,6.049341678619385
1pxn,7.150000095367432,6.839592456817627
1fm9,9.0,8.187248229980469
3pd9,6.21999979019165,6.5037713050842285
5neb,7.769999980926514,5.16679573059082
2bak,7.429999828338623,7.953154563903809
2b07,6.429999828338623,7.327010154724121
3bfu,6.269999980926514,6.187553405761719
1rpj,6.480000019073486,6.406358242034912
1ony,6.769999980926514,6.595261573791504
3u93,6.309999942779541,6.085798263549805
2nt7,6.519999980926514,6.6616973876953125
3dln,6.599999904632568,5.890795707702637
1nvq,8.25,7.405215263366699
3p3s,7.590000152587891,6.751435279846191
2qbs,6.679999828338623,6.8140645027160645
3fat,7.639999866485596,6.750555038452148
5hz5,7.070000171661377,6.617896556854248
2xnb,6.829999923706055,6.980676174163818
1z71,9.180000305175781,7.41969633102417
4n07,6.460000038146973,6.94091796875
1p1q,4.889999866485596,6.260655403137207
6ej3,5.929999828338623,5.8018975257873535
5nw2,6.489999771118164,6.78643798828125
3s2v,6.800000190734863,6.612155914306641
5mlj,8.850000381469727,6.370529651641846
1swr,6.920000076293945,6.747607707977295
5evd,5.0,5.653651714324951
2exm,4.110000133514404,5.890830039978027
1ecv,4.849999904632568,6.3079938888549805
5u12,5.070000171661377,5.656659126281738
1syi,5.440000057220459,6.609347820281982
1bm7,7.519999980926514,6.764544486999512
4hwo,8.539999961853027,6.958643913269043
2f6t,4.619999885559082,7.126592636108398
2p2a,6.119999885559082,7.079500198364258
4poh,8.0,6.239834308624268
6fmj,6.119999885559082,6.854432582855225
6f28,5.670000076293945,6.069398880004883
5l4m,5.340000152587891,5.222436904907227
4bcn,7.920000076293945,7.258615016937256
4w9d,4.989999771118164,6.902181148529053
4hws,9.100000381469727,6.966435432434082
4rqk,5.820000171661377,6.267831325531006
4djw,6.28000020980835,7.234995365142822
4w9l,5.019999980926514,7.353974342346191
4isu,3.680000066757202,5.0861077308654785
4qer,7.539999961853027,6.058389663696289
1p1o,5.760000228881836,5.92694616317749
5u4b,5.739999771118164,5.367070198059082
5nvx,7.050000190734863,6.931513786315918
1sl3,11.850000381469727,7.962149620056152
4f9y,6.739999771118164,6.983781814575195
4pp5,7.739999771118164,6.307408809661865
5lvl,5.900000095367432,5.193472862243652
1xbo,6.039999961853027,7.117905616760254
3gbb,6.900000095367432,6.506837844848633
1oxr,5.190000057220459,4.99600887298584
1c87,4.199999809265137,6.327060222625732
2qmg,9.149999618530273,8.689014434814453
5u0y,6.079999923706055,5.779956817626953
2al5,8.399999618530273,6.387220859527588
1sw2,7.21999979019165,6.265732288360596
4bck,8.399999618530273,6.839653015136719
4e0x,7.119999885559082,6.24540376663208
3pcg,2.299999952316284,5.834682464599609
4rd6,6.28000020980835,5.654676914215088
5i3x,8.100000381469727,7.561919212341309
5u14,5.340000152587891,5.588486671447754
3hub,8.09000015258789,7.572480201721191
3gba,9.069999694824219,6.083794593811035
5ka1,4.480000019073486,6.017759323120117
2nta,4.800000190734863,6.3896284103393555
4k7n,3.4800000190734863,5.057178974151611
2hnx,7.079999923706055,6.655708312988281
3vw2,4.75,6.551083087921143
3evd,6.909999847412109,5.5399980545043945
5vm0,8.800000190734863,8.19230842590332
6gnp,4.550000190734863,2.965322732925415
3iw5,6.079999923706055,7.946470260620117
1srg,5.300000190734863,7.038173198699951
3kgt,5.510000228881836,6.536303520202637
5hz9,7.03000020980835,6.0139265060424805
5fe7,3.309999942779541,5.545915603637695
2ans,5.920000076293945,6.863613605499268
2arm,7.679999828338623,5.090247631072998
3twp,3.9200000762939453,5.558296203613281
5evk,4.920000076293945,4.793603897094727
1kpm,5.800000190734863,6.8889689445495605
3kgu,5.920000076293945,6.660061836242676
3eb1,4.789999961853027,5.39739465713501
4x48,6.769999980926514,6.958972454071045
3fuz,6.539999961853027,5.917501926422119
4i8n,4.460000038146973,7.864201545715332
6ej2,7.800000190734863,6.213323593139648
4owm,2.9600000381469727,4.863927841186523
4ufk,3.890000104904175,5.5450568199157715
5b5f,5.25,6.655470848083496
1ftm,7.610000133514404,6.4533891677856445
1g7f,5.46999979019165,6.091243743896484
4ei4,8.739999771118164,6.940191268920898
4jym,5.039999961853027,5.824686050415039
4i5c,8.819999694824219,6.948396682739258
3p8z,6.090000152587891,6.7288007736206055
4avs,3.490000009536743,3.5898807048797607
4tjz,5.96999979019165,5.236442565917969
3uo4,6.519999980926514,7.062155723571777
2b9a,8.050000190734863,5.794185638427734
2p4s,9.510000228881836,6.792242050170898
3qxv,8.399999618530273,7.496610641479492
4rqv,5.050000190734863,6.536437034606934
4rvr,6.869999885559082,6.033632755279541
3d83,8.359999656677246,7.7617692947387695
2v3u,3.0,5.968467712402344
4ufj,4.28000020980835,5.549317359924316
1pxp,6.659999847412109,6.61795711517334
1hmt,5.789999961853027,7.279748439788818
3fvk,8.819999694824219,6.389172554016113
3kqr,4.429999828338623,4.45698881149292
3jvs,6.539999961853027,7.220951557159424
1kv1,5.940000057220459,6.633559226989746
1eoc,6.050000190734863,6.515313148498535
5cbr,5.739999771118164,6.473231315612793
1vyg,8.0,7.727312088012695
1oar,7.400000095367432,6.838827133178711
3gcp,7.820000171661377,7.181689262390137
2wtv,8.739999771118164,7.852718353271484
4fsl,7.699999809265137,7.891430377960205
1d9i,9.109999656677246,6.347808837890625
4fm7,7.239999771118164,6.646869659423828
2zb1,6.320000171661377,7.4075212478637695
4d4d,5.960000038146973,6.763769149780273
2pbw,8.25,5.939395904541016
5c1m,10.800000190734863,5.382997989654541
3uu1,5.199999809265137,5.735169410705566
6guc,7.599999904632568,6.246608734130859
5boj,7.0,5.397969722747803
2h4g,6.519999980926514,6.434126853942871
4qf9,4.429999828338623,5.504434585571289
2baj,8.399999618530273,7.805651664733887
3e93,8.850000381469727,8.416994094848633
4k7i,2.819999933242798,5.814060688018799
5cst,6.960000038146973,5.931366920471191
1e1x,5.889999866485596,6.189520359039307
1kav,5.820000171661377,6.967800140380859
4qf8,7.510000228881836,4.782956600189209
5u0w,4.239999771118164,5.210125923156738
3myg,10.699999809265137,7.292327880859375
3gcs,7.25,7.296300411224365
3hll,8.239999771118164,7.5408782958984375
3ppp,5.21999979019165,6.230640411376953
1fao,7.369999885559082,5.054753303527832
3tz0,5.039999961853027,6.645050048828125
1jsv,5.699999809265137,6.930990219116211
4bcm,6.909999847412109,7.027895927429199
4h3j,7.050000190734863,7.146980285644531
5fe9,4.679999828338623,6.014527797698975
3pce,2.0,5.558765888214111
3ozj,5.110000133514404,5.795124053955078
1c88,5.289999961853027,6.208915710449219
4w9k,6.539999961853027,6.857989311218262
3kmx,4.820000171661377,6.329777717590332
5edb,7.0,5.402189254760742
5b5g,5.25,5.46237850189209
1sv3,4.349999904632568,5.908477783203125
5nw0,6.519999980926514,7.026012420654297
4e5w,7.659999847412109,7.785527229309082
6gnr,5.440000057220459,5.922469139099121
4k7o,4.300000190734863,6.138054370880127
5u13,5.409999847412109,5.213767051696777
4nwc,5.760000228881836,7.096844673156738
4h85,5.150000095367432,6.562454700469971
4bcs,6.989999771118164,7.52208137512207
4k3h,6.849999904632568,7.461847305297852
6gue,8.399999618530273,7.228144645690918
1gfy,5.079999923706055,6.069095611572266
5v0n,7.170000076293945,7.386638641357422
4ufl,2.640000104904175,6.0211076736450195
4rd3,6.46999979019165,5.442194938659668
3up2,7.400000095367432,7.056550025939941
1df8,9.699999809265137,7.005481719970703
4w9c,4.650000095367432,7.479250907897949
3kmy,4.489999771118164,5.628911018371582
4ehz,8.0,7.216120719909668
5orv,2.890000104904175,4.42057466506958
2qbq,7.440000057220459,6.321223258972168
5kad,4.429999828338623,5.875768661499023
3cfn,5.0,6.955211639404297
3fvn,6.769999980926514,6.234377384185791
3e92,8.0,7.237902641296387
5hbs,7.730000019073486,6.385313987731934
5fhm,5.090000152587891,6.591241836547852
5nw1,6.599999904632568,6.621580123901367
2e27,9.350000381469727,6.695000648498535
3cft,4.190000057220459,5.438153266906738
5ie1,6.849999904632568,6.4969329833984375
5nvw,6.769999980926514,6.9536824226379395
4f39,5.699999809265137,6.174542427062988
2f34,6.889999866485596,5.691701412200928
3vw1,4.670000076293945,6.99693489074707
5i3w,9.220000267028809,5.686981201171875
4w9h,6.730000019073486,7.132407188415527
4y5d,5.920000076293945,6.781960964202881
1d6w,5.960000038146973,6.6369805335998535
1nli,3.5899999141693115,5.255344867706299
1hms,6.369999885559082,6.911196231842041
3pck,6.699999809265137,6.084218978881836
4g8m,7.889999866485596,6.121282577514648
1fv0,5.929999828338623,7.001258850097656
3r6u,4.519999980926514,6.486708641052246
3dp4,7.369999885559082,6.790746688842773
5mge,4.059999942779541,5.340242862701416
5lvr,3.5999999046325684,5.620399475097656
2g5u,8.489999771118164,7.717088222503662
3ppq,4.550000190734863,6.075875759124756
1drj,7.400000095367432,6.026209831237793
4dju,5.440000057220459,6.624975681304932
5kab,4.679999828338623,6.097867488861084
4ufh,6.420000076293945,5.898312568664551
4h7q,5.059999942779541,6.515069961547852
1pyn,5.489999771118164,6.504263877868652
5y13,5.940000057220459,5.46707820892334
6gw4,5.920000076293945,7.082293510437012
3nee,5.340000152587891,6.6833815574646
1b38,6.599999904632568,6.169820308685303
5vja,6.590000152587891,6.598275184631348
3p3r,7.25,6.370667934417725
4ivb,8.720000267028809,7.0539045333862305
3buf,3.0999999046325684,4.593306541442871
2xxr,6.550000190734863,6.265912055969238
3wzn,7.0,6.65825080871582
4bcp,6.25,7.416476249694824
5v79,6.409999847412109,5.215204238891602
4fs4,6.570000171661377,7.234791278839111
4h3g,8.220000267028809,7.25890588760376
5os4,2.7799999713897705,5.697234153747559
5en3,6.210000038146973,5.080829620361328
3ckp,6.349999904632568,6.883658409118652
2xxx,6.409999847412109,6.364684104919434
5d45,6.920000076293945,7.040651321411133
4w9i,5.960000038146973,7.373493671417236
6guk,6.150000095367432,7.045673370361328
4dld,5.820000171661377,6.436405181884766
3mam,4.119999885559082,5.419821739196777
5v7a,6.380000114440918,5.488205909729004
4mmm,3.819999933242798,5.307651519775391
5hz6,7.800000190734863,5.951987266540527
3fv2,8.109999656677246,6.36118221282959
4bco,6.880000114440918,7.172172546386719
5u4d,6.329999923706055,5.835050582885742
4loo,8.149999618530273,7.110820770263672
4tkb,5.590000152587891,5.307695388793945
3nex,6.0,6.50715446472168
1dl7,6.489999771118164,4.2563276290893555
3rtf,7.349999904632568,6.474292755126953
4tkh,5.739999771118164,5.581761360168457
6gnw,4.989999771118164,7.098135471343994
1oau,7.699999809265137,7.510617256164551
5ikb,8.720000267028809,5.09889554977417
5lvq,4.139999866485596,6.606022834777832
5orw,3.0999999046325684,4.48878812789917
2azr,3.640000104904175,6.805637359619141
1adl,5.360000133514404,6.380128860473633
5e73,4.639999866485596,5.972700119018555
4der,6.309999942779541,6.018290996551514
2qm9,7.769999980926514,7.28036642074585
5u11,5.349999904632568,5.672741889953613
4m8e,7.889999866485596,6.745514392852783
4des,5.849999904632568,6.118743419647217
3s9e,5.130000114440918,5.42160701751709
4ufm,3.7200000286102295,5.805660724639893
3jvr,5.71999979019165,6.850221633911133
3bug,3.180000066757202,5.560362815856934
5nih,6.869999885559082,5.022857189178467
1h1s,8.220000267028809,6.421083450317383
5mgj,4.289999961853027,5.923852920532227
4whs,4.119999885559082,4.862834453582764
2gz2,5.21999979019165,6.101858139038086
5ka7,4.349999904632568,6.627006530761719
3h1x,5.889999866485596,6.165154933929443
4fk6,9.699999809265137,7.574821472167969
1drk,6.820000171661377,5.979182720184326
5ihh,6.409999847412109,5.4504475593566895
3uod,7.309999942779541,7.269664764404297
4w9f,5.489999771118164,7.234910011291504
